https://www.python.org,Welcome to Python.org,200,0.8,2026-06-23 22:45:00.401955
https://www.python.org,Welcome to Python.org,200,1.014,2026-06-23 22:56:40.113350
https://github.com,GitHub · Change is constant. GitHub keeps you ahead. · GitHub,200,0.767,2026-06-23 22:56:41.025888
https://www.python.org,Welcome to Python.org,200,0.889,2026-06-23 23:00:03.328073
https://github.com,GitHub · Change is constant. GitHub keeps you ahead. · GitHub,200,0.754,2026-06-23 23:00:04.153063
https://www.python.org,Welcome to Python.org,200,0.744,2026-06-23 23:00:27.751090
https://github.com,GitHub · Change is constant. GitHub keeps you ahead. · GitHub,200,0.663,2026-06-23 23:00:28.487322
https://openai.com,OpenAI | Research & Deployment,200,0.914,2026-06-23 23:00:30.030148
https://www.python.org,Welcome to Python.org,200,0.646,2026-06-23 23:04:09.775100
https://github.com,GitHub · Change is constant. GitHub keeps you ahead. · GitHub,200,0.741,2026-06-23 23:04:10.594640
https://openai.com,OpenAI | Research & Deployment,200,0.824,2026-06-23 23:04:12.040295
https://www.python.org,Welcome to Python.org,200,0.667,2026-06-23 23:04:47.221103
https://github.com,GitHub · Change is constant. GitHub keeps you ahead. · GitHub,200,0.787,2026-06-23 23:04:48.087782
https://openai.com,OpenAI | Research & Deployment,200,0.935,2026-06-23 23:04:49.711327
https://www.python.org,Welcome to Python.org,200,0.595,2026-06-24 00:17:28.959907
https://github.com,GitHub · Change is constant. GitHub keeps you ahead. · GitHub,200,0.714,2026-06-24 00:17:29.767188
https://openai.com,OpenAI | Research & Deployment,200,0.853,2026-06-24 00:17:31.342835
https://www.python.org,Welcome to Python.org,200,1.002,2026-06-24 00:17:32.515381
https://github.com,GitHub · Change is constant. GitHub keeps you ahead. · GitHub,200,0.805,2026-06-24 00:17:33.397889
https://openai.com,OpenAI | Research & Deployment,200,0.785,2026-06-24 00:17:34.874799
https://www.python.org,Welcome to Python.org,200,0.738,2026-06-24 00:17:35.792213
https://github.com,GitHub · Change is constant. GitHub keeps you ahead. · GitHub,200,0.896,2026-06-24 00:17:36.800289
https://openai.com,OpenAI | Research & Deployment,200,1.036,2026-06-24 00:17:38.738480
https://www.python.org,Welcome to Python.org,200,0.786,2026-06-24 00:17:39.605135
https://github.com,GitHub · Change is constant. GitHub keeps you ahead. · GitHub,200,0.707,2026-06-24 00:17:40.395975
https://openai.com,OpenAI | Research & Deployment,200,0.884,2026-06-24 00:17:42.192651
https://www.python.org,Welcome to Python.org,200,0.741,2026-06-24 00:17:43.001526
https://github.com,GitHub · Change is constant. GitHub keeps you ahead. · GitHub,200,0.746,2026-06-24 00:17:43.842688
https://openai.com,OpenAI | Research & Deployment,200,1.021,2026-06-24 00:17:45.667270
https://www.python.org,Welcome to Python.org,200,0.778,2026-06-24 00:17:46.517194
https://www.python.org,Welcome to Python.org,200,0.846,2026-06-24 00:17:47.432152
https://www.python.org,Welcome to Python.org,200,0.717,2026-06-24 00:17:48.267987
https://www.python.org,Welcome to Python.org,200,0.734,2026-06-24 00:17:49.090420
https://www.python.org,Welcome to Python.org,200,0.647,2026-06-24 00:18:06.965814
https://www.python.org,Welcome to Python.org,200,0.616,2026-06-24 00:18:18.901188
https://github.com,GitHub · Change is constant. GitHub keeps you ahead. · GitHub,200,0.764,2026-06-24 00:18:19.766663
https://openai.com,OpenAI | Research & Deployment,200,1.068,2026-06-24 00:18:21.635664
https://www.python.org,Welcome to Python.org,200,0.885,2026-06-24 00:18:22.622170
https://github.com,GitHub · Change is constant. GitHub keeps you ahead. · GitHub,200,0.829,2026-06-24 00:18:23.580950
https://openai.com,OpenAI | Research & Deployment,200,0.799,2026-06-24 00:18:25.202687
https://www.python.org,Welcome to Python.org,200,0.782,2026-06-24 00:18:26.062440
https://github.com,GitHub · Change is constant. GitHub keeps you ahead. · GitHub,200,0.776,2026-06-24 00:18:26.956374
https://openai.com,OpenAI | Research & Deployment,200,0.953,2026-06-24 00:18:28.793790
https://www.python.org,Welcome to Python.org,200,0.578,2026-06-24 00:18:50.768121
https://github.com,GitHub · Change is constant. GitHub keeps you ahead. · GitHub,200,0.666,2026-06-24 00:18:51.529494
https://openai.com,OpenAI | Research & Deployment,200,0.798,2026-06-24 00:18:53.061545
https://www.python.org,Welcome to Python.org,200,0.637,2026-06-24 00:18:53.780925
https://github.com,GitHub · Change is constant. GitHub keeps you ahead. · GitHub,200,0.788,2026-06-24 00:18:54.654808
https://openai.com,OpenAI | Research & Deployment,200,0.952,2026-06-24 00:18:56.341519
https://www.python.org,Welcome to Python.org,200,0.549,2026-06-24 00:18:56.952224
https://github.com,GitHub · Change is constant. GitHub keeps you ahead. · GitHub,200,0.836,2026-06-24 00:18:57.865696
https://openai.com,OpenAI | Research & Deployment,200,0.794,2026-06-24 00:18:59.324233
https://www.python.org,Welcome to Python.org,200,0.788,2026-06-24 00:19:00.210592
https://github.com,GitHub · Change is constant. GitHub keeps you ahead. · GitHub,200,0.98,2026-06-24 00:19:01.344768
https://openai.com,OpenAI | Research & Deployment,200,1.027,2026-06-24 00:19:03.165388
https://www.python.org,Welcome to Python.org,200,0.77,2026-06-24 00:19:04.015994
https://github.com,GitHub · Change is constant. GitHub keeps you ahead. · GitHub,200,0.715,2026-06-24 00:19:04.876127
https://openai.com,OpenAI | Research & Deployment,200,0.83,2026-06-24 00:19:06.483498
https://www.python.org,Welcome to Python.org,200,0.921,2026-06-24 00:19:07.479079
https://github.com,GitHub · Change is constant. GitHub keeps you ahead. · GitHub,200,0.708,2026-06-24 00:19:08.322180
https://openai.com,OpenAI | Research & Deployment,200,1.127,2026-06-24 00:19:10.297303
